{
    "org.sosy_lab.cpachecker.cpa.smg.util": 0,
    "org.sosy_lab.cpachecker.cpa.invariants.operators": 0,
    "org.sosy_lab.cpachecker.cpa.automaton": 0.03015592821418064,
    "org.sosy_lab.cpachecker.util": 0.030379746835443037,
    "org.sosy_lab.cpachecker.cpa.invariants": 0.0361025641025641,
    "org.sosy_lab.cpachecker.util.predicates.smt": 0.04948391013964785,
    "org.sosy_lab.cpachecker.cfa.ast": 0.04985955056179775,
    "org.sosy_lab.cpachecker.util.predicates": 0.0507796881247501,
    "org.sosy_lab.cpachecker.core.interfaces": 0.05096486887679367,
    "org.sosy_lab.cpachecker.cpa.smg": 0.05393154486586494,
    "org.sosy_lab.cpachecker.cpa.predicate": 0.05410429016376972,
    "org.sosy_lab.cpachecker.core.algorithm": 0.0546218487394958,
    "org.sosy_lab.cpachecker.core.algorithm.bmc": 0.055638847243045145,
    "org.sosy_lab.cpachecker.core.defaults": 0.05771305285868392,
    "org.sosy_lab.cpachecker.cfa": 0.05779876261803973,
    "org.sosy_lab.cpachecker.pcc.strategy.partitioning": 0.06306306306306306,
    "org.sosy_lab.cpachecker.cfa.ast.c": 0.06309921962095875,
    "org.sosy_lab.cpachecker.util.automaton": 0.06571428571428571,
    "org.sosy_lab.cpachecker.cfa.ast.java": 0.06793103448275863,
    "org.sosy_lab.cpachecker.cpa.usage": 0.06884920634920635,
    "org.sosy_lab.cpachecker.util.cwriter": 0.07237512742099898,
    "org.sosy_lab.cpachecker.util.refinement": 0.07281746031746032,
    "org.sosy_lab.cpachecker.core.counterexample": 0.07361758827448368,
    "org.sosy_lab.cpachecker.cpa.lock": 0.07575757575757576,
    "org.sosy_lab.cpachecker.cpa.arg": 0.0758974358974359,
    "org.sosy_lab.cpachecker.cfa.parser.eclipse.c": 0.07746586899831262,
    "org.sosy_lab.cpachecker.cpa.value": 0.08352108142903122,
    "org.sosy_lab.cpachecker.core.algorithm.bmc.pdr": 0.08447043534762833,
    "org.sosy_lab.cpachecker.util.predicates.pathformula.pointeraliasing": 0.08636363636363636,
    "org.sosy_lab.cpachecker.cpa.arg.witnessexport": 0.0868844696969697,
    "org.sosy_lab.cpachecker.cmdline": 0.08796296296296297,
    "org.sosy_lab.cpachecker.core.algorithm.invariants": 0.08863430810973771,
    "org.sosy_lab.cpachecker.util.dependencegraph": 0.08959156785243742,
    "org.sosy_lab.cpachecker.util.predicates.pathformula": 0.09056122448979592,
    "org.sosy_lab.cpachecker.core": 0.09112595419847329,
    "org.sosy_lab.cpachecker.cpa.statistics.provider": 0.09372822299651568,
    "org.sosy_lab.cpachecker.cpa.smg.refiner": 0.0948578728840626,
    "org.sosy_lab.cpachecker.cpa.invariants.formula": 0.09771473601260836,
    "org.sosy_lab.cpachecker.util.expressions": 0.09802339653085922,
    "org.sosy_lab.cpachecker.util.ci": 0.09949670925280682,
    "org.sosy_lab.cpachecker.pcc.strategy.partialcertificate": 0.10232558139534884,
    "org.sosy_lab.cpachecker.cpa.policyiteration": 0.1032258064516129,
    "org.sosy_lab.cpachecker.core.reachedset": 0.10509031198686371,
    "org.sosy_lab.cpachecker.cfa.parser.eclipse.java": 0.10611263736263736,
    "org.sosy_lab.cpachecker.cpa.bdd": 0.10728402032749859,
    "org.sosy_lab.cpachecker.cpa.invariants.operators.mathematical": 0.10754985754985755,
    "org.sosy_lab.cpachecker.util.slicing": 0.10847701149425287,
    "org.sosy_lab.cpachecker.cpa.loopbound": 0.10944026733500417,
    "org.sosy_lab.cpachecker.core.algorithm.termination.lasso_analysis.construction": 0.11071428571428571,
    "org.sosy_lab.cpachecker.cpa.smg.graphs.object": 0.1118421052631579,
    "org.sosy_lab.cpachecker.core.waitlist": 0.11224489795918367,
    "org.sosy_lab.cpachecker.cpa.value.symbolic.refiner": 0.11307767944936087,
    "org.sosy_lab.cpachecker.cpa.usage.refinement": 0.1131993006993007,
    "org.sosy_lab.cpachecker.util.variableclassification": 0.11698717948717949,
    "org.sosy_lab.cpachecker.cpa.constraints": 0.11702127659574468,
    "org.sosy_lab.cpachecker.cpa.bam": 0.11851851851851852,
    "org.sosy_lab.cpachecker.cpa.testtargets": 0.119533527696793,
    "org.sosy_lab.cpachecker.exceptions": 0.12324929971988796,
    "org.sosy_lab.cpachecker.core.interfaces.pcc": 0.12374581939799331,
    "org.sosy_lab.cpachecker.cpa.apron": 0.12416555407209613,
    "org.sosy_lab.cpachecker.util.statistics": 0.12418300653594772,
    "org.sosy_lab.cpachecker.cpa.value.refiner": 0.12449310624493107,
    "org.sosy_lab.cpachecker.cpa.composite": 0.12581168831168832,
    "org.sosy_lab.cpachecker.cpa.reachdef": 0.12658227848101267,
    "org.sosy_lab.cpachecker.core.algorithm.termination.lasso_analysis": 0.12777777777777777,
    "org.sosy_lab.cpachecker.util.testcase": 0.1337719298245614,
    "org.sosy_lab.cpachecker.cfa.postprocessing.function": 0.13463414634146342,
    "org.sosy_lab.cpachecker.cpa.smg.join": 0.13690476190476192,
    "org.sosy_lab.cpachecker.core.algorithm.pcc": 0.1380952380952381,
    "org.sosy_lab.cpachecker.cpa.chc": 0.13995215311004786,
    "org.sosy_lab.cpachecker.cpa.arg.counterexamples": 0.14038461538461539,
    "org.sosy_lab.cpachecker.cpa.functionpointer": 0.14059196617336153,
    "org.sosy_lab.cpachecker.util.predicates.precisionConverter": 0.14523809523809525,
    "org.sosy_lab.cpachecker.core.algorithm.residualprogram": 0.14526823387582882,
    "org.sosy_lab.cpachecker.cpa.usage.storage": 0.1456140350877193,
    "org.sosy_lab.cpachecker.cpa.octagon": 0.14743589743589744,
    "org.sosy_lab.cpachecker.cpa.interval": 0.14896214896214896,
    "org.sosy_lab.cpachecker.cfa.types.c": 0.14995990376904572,
    "org.sosy_lab.cpachecker.cpa.formulaslicing": 0.1503623188405797,
    "org.sosy_lab.cpachecker.util.identifiers": 0.151033386327504,
    "org.sosy_lab.cpachecker.cpa.slicing": 0.1515499425947187,
    "org.sosy_lab.cpachecker.cpa.thread": 0.1539961013645224,
    "org.sosy_lab.cpachecker.cpa.termination": 0.15432098765432098,
    "org.sosy_lab.cpachecker.cpa.sign": 0.15582655826558264,
    "org.sosy_lab.cpachecker.pcc.propertychecker": 0.1561771561771562,
    "org.sosy_lab.cpachecker.cpa.nondeterminism": 0.15949820788530467,
    "org.sosy_lab.cpachecker.util.predicates.interpolation": 0.1621212121212121,
    "org.sosy_lab.cpachecker.cpa.invariants.operators.bitvector": 0.16285714285714287,
    "org.sosy_lab.cpachecker.cfa.blocks.builder": 0.16300940438871472,
    "org.sosy_lab.cpachecker.cpa.ifcsecurity": 0.16376306620209058,
    "org.sosy_lab.cpachecker.cpa.value.symbolic.type": 0.16504126031507876,
    "org.sosy_lab.cpachecker.util.resources": 0.16666666666666666,
    "org.sosy_lab.cpachecker.util.ltl": 0.17,
    "org.sosy_lab.cpachecker.cpa.uninitvars": 0.17025440313111545,
    "org.sosy_lab.cpachecker.util.ci.translators": 0.17045454545454544,
    "org.sosy_lab.cpachecker.cpa.value.symbolic": 0.17251461988304093,
    "org.sosy_lab.cpachecker.cpa.threading": 0.17268041237113402,
    "org.sosy_lab.cpachecker.cpa.pointer2": 0.1729667812142039,
    "org.sosy_lab.cpachecker.cpa.statistics": 0.1769041769041769,
    "org.sosy_lab.cpachecker.util.predicates.bdd": 0.1774193548387097,
    "org.sosy_lab.cpachecker.cpa.smg.evaluator": 0.17757009345794392,
    "org.sosy_lab.cpachecker.util.predicates.ufCheckingProver": 0.1783625730994152,
    "org.sosy_lab.cpachecker.util.predicates.pathformula.ctoformula": 0.17857142857142858,
    "org.sosy_lab.cpachecker.cpa.rtt": 0.17879948914431673,
    "org.sosy_lab.cpachecker.core.algorithm.termination": 0.18164251207729468,
    "org.sosy_lab.cpachecker.cpa.constraints.domain": 0.18181818181818182,
    "org.sosy_lab.cpachecker.cpa.callstack": 0.18214285714285713,
    "org.sosy_lab.cpachecker.cpa.flowdep": 0.18509615384615385,
    "org.sosy_lab.cpachecker.cpa.conditions.path": 0.18888888888888888,
    "org.sosy_lab.cpachecker.cpa.slab": 0.18903318903318903,
    "org.sosy_lab.cpachecker.cpa.value.refiner.utils": 0.19166666666666668,
    "org.sosy_lab.cpachecker.cpa.local": 0.19863013698630136,
    "org.sosy_lab.cpachecker.cpa.smg.graphs": 0.20034843205574912,
    "org.sosy_lab.cpachecker.cpa.value.type": 0.20099255583126552,
    "org.sosy_lab.cpachecker.cpa.monitor": 0.2012987012987013,